table_name|column_name|constraint_name|referenced_table_name|referenced_column_name
alertas_cortes|destinatario_id|alertas_cortes_destinatario_id_fkey|users|id
alertas_cortes|postcorte_id|alertas_cortes_postcorte_id_fkey|postcorte|id
alertas_cortes|sesion_id|alertas_cortes_sesion_id_fkey|sesion_cajon|id
almacen|sucursal_id|almacen_sucursal_id_fkey|cat_sucursales|id
audit_log|user_id|selemti_audit_log_user_id_foreign|users|id
audit_log_global|changed_by_user_id|audit_log_global_changed_by_user_id_fkey|users|id
bodega|sucursal_id|bodega_sucursal_id_fkey|cat_sucursales|id
caja_fondo_adj|mov_id|caja_fondo_adj_mov_id_fkey|caja_fondo_mov|id
caja_fondo_arqueo|fondo_id|caja_fondo_arqueo_fondo_id_fkey|caja_fondo|id
caja_fondo_mov|fondo_id|caja_fondo_mov_fondo_id_fkey|caja_fondo|id
caja_fondo_usuario|fondo_id|caja_fondo_usuario_fondo_id_fkey|caja_fondo|id
cash_fund_arqueos|cash_fund_id|cash_fund_arqueos_cash_fund_id_foreign|cash_funds|id
cash_fund_arqueos|created_by_user_id|cash_fund_arqueos_created_by_user_id_foreign|users|id
cash_fund_movement_audit_log|changed_by_user_id|selemti_cash_fund_movement_audit_log_changed_by_user_id_foreign|users|id
cash_fund_movement_audit_log|movement_id|selemti_cash_fund_movement_audit_log_movement_id_foreign|cash_fund_movements|id
cash_fund_movements|approved_by_user_id|cash_fund_movements_approved_by_user_id_foreign|users|id
cash_fund_movements|cash_fund_id|cash_fund_movements_cash_fund_id_foreign|cash_funds|id
cash_fund_movements|created_by_user_id|cash_fund_movements_created_by_user_id_foreign|users|id
cash_funds|created_by_user_id|cash_funds_created_by_user_id_foreign|users|id
cash_funds|responsable_user_id|cash_funds_responsable_user_id_foreign|users|id
cat_almacenes|sucursal_id|cat_almacenes_sucursal_id_foreign|cat_sucursales|id
cat_uom_conversion|destino_id|cat_uom_conversion_destino_id_foreign|cat_unidades|id
cat_uom_conversion|origen_id|cat_uom_conversion_origen_id_foreign|cat_unidades|id
conciliacion|postcorte_id|conciliacion_postcorte_id_fkey|postcorte|id
conversiones_unidad_legacy|unidad_destino_id|conversiones_unidad_unidad_destino_id_fkey|unidades_medida_legacy|id
conversiones_unidad_legacy|unidad_origen_id|conversiones_unidad_unidad_origen_id_fkey|unidades_medida_legacy|id
cost_layer|batch_id|cost_layer_batch_id_fkey|inventory_batch|id
cost_layer|item_id|cost_layer_item_id_fkey|items|id
hist_cost_insumo|item_id|hist_cost_insumo_item_id_fkey|items|id
hist_cost_receta|receta_version_id|hist_cost_receta_receta_version_id_fkey|receta_version|id
historial_costos_item|item_id|historial_costos_item_item_id_fkey|items|id
historial_costos_receta|receta_version_id|historial_costos_receta_receta_version_id_fkey|receta_version|id
insumo|um_id|insumo_um_id_fkey|unidad_medida_legacy|id
insumo_presentacion|item_id|insumo_presentacion_item_id_fkey|items|id
insumo_presentacion|um_compra_id|insumo_presentacion_um_compra_id_fkey|unidad_medida_legacy|id
insumo_proveedor_presentacion|item_id|insumo_proveedor_presentacion_item_id_fkey|items|id
insumo_proveedor_presentacion|proveedor_id|ipp_proveedor_fk|proveedor|id
insumo_proveedor_presentacion|uom_base_id|ipp_uom_base_fk|cat_unidades|id
insumo_proveedor_presentacion|uom_compra_id|ipp_uom_compra_fk|cat_unidades|id
inv_consumo_pos_det|consumo_id|inv_consumo_pos_det_consumo_id_fkey|inv_consumo_pos|id
inv_stock_policy|item_id|inv_stock_policy_item_id_foreign|items|id
inv_stock_policy|sucursal_id|inv_stock_policy_sucursal_id_foreign|cat_sucursales|id
inventory_batch|item_id|inventory_batch_item_id_fkey|items|id
inventory_snapshot|item_id|fk_inventory_snapshot_item|items|id
item_vendor|item_id|item_vendor_item_id_fkey|items|id
item_vendor|unidad_presentacion_id|item_vendor_unidad_presentacion_id_fkey|unidades_medida_legacy|id
items|category_id|items_category_fk|item_categories|id
items|unidad_compra_id|items_unidad_compra_id_fkey|cat_unidades|id
items|unidad_medida_id|items_unidad_medida_id_fkey|cat_unidades|id
items|unidad_salida_id|items_unidad_salida_id_fkey|cat_unidades|id
lote|item_id|lote_item_id_fkey|items|id
menu_engineering_snapshots|menu_item_id|selemti_menu_engineering_snapshots_menu_item_id_foreign|menu_items|id
menu_item_sync_map|menu_item_id|selemti_menu_item_sync_map_menu_item_id_foreign|menu_items|id
merma|batch_id|merma_batch_id_fkey|inventory_batch|id
merma|item_id|merma_item_id_fkey|items|id
merma|um_id|merma_um_id_fkey|unidad_medida_legacy|id
merma|usuario_id|merma_user_id_fkey|users|id
model_has_permissions|permission_id|model_has_permissions_permission_id_foreign|permissions|id
model_has_roles|role_id|model_has_roles_role_id_foreign|roles|id
modificadores_pos|receta_modificador_id|modificadores_pos_receta_modificador_id_fkey|receta_cab|id
mov_inv|item_id|mov_inv_item_id_fkey|items|id
mov_inv|lote_id|mov_inv_lote_id_fkey|inventory_batch|id
op_cab|receta_version_id|op_cab_receta_version_id_fkey|receta_version|id
op_cab|sucursal_id|op_cab_sucursal_id_fkey|cat_sucursales|id
op_cab|um_salida_id|op_cab_um_salida_id_fkey|unidad_medida_legacy|id
op_cab|usuario_abre|op_cab_user_abre_fkey|users|id
op_cab|usuario_cierra|op_cab_user_cierra_fkey|users|id
op_insumo|batch_id|op_insumo_batch_id_fkey|inventory_batch|id
op_insumo|item_id|op_insumo_item_id_fkey|items|id
op_insumo|op_id|op_insumo_op_id_fkey|op_cab|id
op_insumo|um_id|op_insumo_um_id_fkey|unidad_medida_legacy|id
op_produccion_cab|receta_version_id|op_produccion_cab_receta_version_id_fkey|receta_version|id
op_yield|op_id|op_yield_op_id_fkey|op_cab|id
perdida_log|item_id|perdida_log_item_id_fkey|items|id
perdida_log|lote_id|perdida_log_lote_id_fkey|inventory_batch|id
perdida_log|uom_original_id|perdida_log_uom_original_id_fkey|unidades_medida_legacy|id
pos_map|receta_id|fk_pos_map_receta|receta_cab|id
pos_sync_logs|batch_id|selemti_pos_sync_logs_batch_id_foreign|pos_sync_batches|id
postcorte|aprobado_por|postcorte_aprobado_por_fkey|users|id
postcorte|rechazado_por|postcorte_rechazado_por_fkey|users|id
postcorte|sesion_id|postcorte_sesion_id_fkey|sesion_cajon|id
precorte|sesion_id|precorte_sesion_id_fkey|sesion_cajon|id
precorte_efectivo|precorte_id|precorte_efectivo_precorte_id_fkey|precorte|id
precorte_otros|precorte_id|precorte_otros_precorte_id_fkey|precorte|id
prod_cab|sol_id|prod_cab_sol_id_fkey|sol_prod_cab|id
prod_det|prod_id|prod_det_prod_id_fkey|prod_cab|id
purchase_orders|vendor_id|fk_purchase_orders_vendor|cat_proveedores|id
purchase_requests|almacen_destino_id|fk_preq_almacen_destino|cat_almacenes|id
purchase_requests|origen_suggestion_id|fk_preq_suggestion|purchase_suggestions|id
purchase_suggestion_lines|item_id|fk_psuggline_item|items|id
purchase_suggestion_lines|proveedor_sugerido_id|fk_psuggline_proveedor|cat_proveedores|id
purchase_suggestion_lines|suggestion_id|fk_psuggline_suggestion|purchase_suggestions|id
purchase_suggestions|almacen_id|fk_psugg_almacen|cat_almacenes|id
purchase_suggestions|convertido_a_request_id|fk_psugg_request|purchase_requests|id
purchase_suggestions|revisado_por_user_id|fk_psugg_user_revisado|users|id
purchase_suggestions|sucursal_id|fk_psugg_sucursal|cat_sucursales|id
purchase_suggestions|sugerido_por_user_id|fk_psugg_user_sugerido|users|id
recalc_log|job_id|recalc_log_job_id_fkey|job_recalc_queue|id
recepcion_cab|sucursal_id|recepcion_cab_sucursal_id_fkey|cat_sucursales|id
recepcion_cab|usuario_id|recepcion_cab_user_id_fkey|users|id
recepcion_det|batch_id|recepcion_det_batch_id_fkey|inventory_batch|id
recepcion_det|bodega_id|recepcion_det_bodega_id_fkey|cat_almacenes|id
recepcion_det|item_id|recepcion_det_item_id_fkey|items|id
recepcion_det|recepcion_id|recepcion_det_recepcion_id_fkey|recepcion_cab|id
recepcion_det|um_id|recepcion_det_um_id_fkey|unidad_medida_legacy|id
receta_det|item_id|receta_det_item_id_fkey|items|id
receta_det|receta_version_id|receta_det_receta_version_id_fkey|receta_version|id
receta_insumo|item_id|receta_insumo_item_id_fkey|items|id
receta_insumo|receta_version_id|receta_insumo_receta_version_id_fkey|receta_version|id
receta_version|receta_id|receta_version_receta_id_fkey|receta_cab|id
recipe_cost_snapshots|created_by_user_id|fk_recipe_cost_snap_user|users|id
recipe_cost_snapshots|recipe_id|fk_recipe_cost_snap_recipe|receta_cab|id
report_runs|report_id|selemti_report_runs_report_id_foreign|report_definitions|id
role_has_permissions|permission_id|role_has_permissions_permission_id_foreign|permissions|id
role_has_permissions|role_id|role_has_permissions_role_id_foreign|roles|id
sol_prod_det|sol_id|sol_prod_det_sol_id_fkey|sol_prod_cab|id
stock_policy|item_id|stock_policy_item_id_fkey|items|id
ticket_det_consumo|item_id|ticket_det_consumo_item_id_fkey|items|id
ticket_det_consumo|lote_id|ticket_det_consumo_lote_id_fkey|inventory_batch|id
ticket_det_consumo|uom_original_id|ticket_det_consumo_uom_original_id_fkey|unidades_medida_legacy|id
ticket_venta_det|receta_shadow_id|ticket_venta_det_receta_shadow_id_fkey|receta_shadow|id
ticket_venta_det|receta_version_id|ticket_venta_det_receta_version_id_fkey|receta_version|id
ticket_venta_det|ticket_id|fk_ticket_det_cab|ticket_venta_cab|id
transfer_det|transfer_id|transfer_det_transfer_id_fkey|transfer_cab|id
traspaso_cab|from_bodega_id|traspaso_cab_from_bodega_id_fkey|cat_almacenes|id
traspaso_cab|to_bodega_id|traspaso_cab_to_bodega_id_fkey|cat_almacenes|id
traspaso_cab|usuario_id|traspaso_cab_user_id_fkey|users|id
traspaso_det|batch_id|traspaso_det_batch_id_fkey|inventory_batch|id
traspaso_det|item_id|traspaso_det_item_id_fkey|items|id
traspaso_det|traspaso_id|traspaso_det_traspaso_id_fkey|traspaso_cab|id
traspaso_det|um_id|traspaso_det_um_id_fkey|unidad_medida_legacy|id
uom_conversion_legacy|destino_id|uom_conversion_destino_id_fkey|unidad_medida_legacy|id
uom_conversion_legacy|origen_id|uom_conversion_origen_id_fkey|unidad_medida_legacy|id
usuario|rol_id|usuario_rol_id_fkey|rol|id
